;Link;Rodrigo;Klerisson;Rodrigo agreement;Klerisson agreement
;;;;;
;;;;;
How can I insert an element in array at a given position?;;;;;
;;;;;
Removing an element from an Array (Java);https://stackoverflow.com/questions/642897/;0;;;
How can I dynamically add items to a Java array?;https://stackoverflow.com/questions/5061721/;0;;;
How to insert an object in an ArrayList at a specific position;https://stackoverflow.com/questions/7074402/;5;;;
Add object to ArrayList at specified index;https://stackoverflow.com/questions/7384908/;5;;;
How to add element at specific index/position in LinkedHashMap?;https://stackoverflow.com/questions/7679819/;5;;;
Java - Add Element to an Array;https://stackoverflow.com/questions/8514046/;0;;;
How to find index position of an element in a list when contains returns true;https://stackoverflow.com/questions/9008532/;0;;;
Add element into array java;https://stackoverflow.com/questions/9823503/;5;;;
Adding elements into ArrayList at position larger than the current size;https://stackoverflow.com/questions/10629803/;4;;;
Sorting an Array in Java;https://stackoverflow.com/questions/10778744/;0;;;
How to add an element to Array and shift indexes?;https://stackoverflow.com/questions/11638123/;4;;;
Inserting an element into a sorted list;https://stackoverflow.com/questions/13776593/;2;;;
add an element to int [] array in java;https://stackoverflow.com/questions/15899699/;5;;;
Directly accessible data structure Java;https://stackoverflow.com/questions/16211139/;0;;;
Java - Adding element at specific index and pushing other elements down;https://stackoverflow.com/questions/19956225/;3;;;
How to find index of STRING array in Java from a given value?;https://stackoverflow.com/questions/23160832/;1;;;
;;;;;
;;;;;
;;;;;
How do I compress or zip a directory recursively?;;;;;
;;;;;
directories in a zip file when using java.util.zip.ZipOutputStream;https://stackoverflow.com/questions/740375/;5;;;
How to unzip files recursively in Java?;https://stackoverflow.com/questions/981578/;2;;;
java.util.zip - Recreating directory structure;https://stackoverflow.com/questions/1399126/;4;;;
Recursively ZIP a directory containing any number of files and subdirectories in Java?;https://stackoverflow.com/questions/2403830/;5;;;
Zipping a folder which contains subfolders;https://stackoverflow.com/questions/3961087/;5;;;
What is a good Java library to zip/unzip files?;https://stackoverflow.com/questions/9324933/;5;;;
Java ZIP - how to unzip folder?;https://stackoverflow.com/questions/10633595/;2;;;
How to zip/upzip a folder and all of its files and subdirectories using Java?;https://stackoverflow.com/questions/12449888/;2;;;
compress directory to tar.gz with commons compress;https://stackoverflow.com/questions/13461393/;5;;;
how to zip a folder itself using java;https://stackoverflow.com/questions/15968883/;5;;;
Compress directory into a zipfile with Commons IO;https://stackoverflow.com/questions/23318383/;5;;;
Zipping a huge folder by using a ZipFileSystem results in OutOfMemoryError;https://stackoverflow.com/questions/23858706/;0;;;
How to zip a folder recursively with Clojure;https://stackoverflow.com/questions/27064496/;0;;;
Java utility library for Nested ZIP file handling;https://stackoverflow.com/questions/35336870/;2;;;
Java: Unzip Folder with subfolders;https://stackoverflow.com/questions/43326525/;0;;;
;;;;;
;;;;;
;;;;;
How do I decompress a GZip file in Java?;;;;;
;;;;;
How do I extract a tar file in Java?;https://stackoverflow.com/questions/315618/;5;;;
Decompress a Gzip archive in Java;https://stackoverflow.com/questions/631484/;3;;;
decompress .gz file in batch;https://stackoverflow.com/questions/901003/;5;;;
GZIPInputStream reading line by line;https://stackoverflow.com/questions/1080381/;0;;;
How to read or parse MHTML (.mht) files in java;https://stackoverflow.com/questions/3230305/;0;;;
Decompress GZip string in Java;https://stackoverflow.com/questions/3621750/;2;;;
GZIPInputStream to String;https://stackoverflow.com/questions/3627401/;3;;;
Working with Zip and GZip files in Java;https://stackoverflow.com/questions/3711282/;4;;;
How to Compress/Decompress tar.gz files in java;https://stackoverflow.com/questions/7128171/;5;;;
Java: CRC error when using setDictionary for GZIPOutputStreams Deflater;https://stackoverflow.com/questions/9186347/;0;;;
gzip archive with multiple files inside;https://stackoverflow.com/questions/10653683/;2;;;
Uncompress a GZIP string in Java;https://stackoverflow.com/questions/12531579/;3;;;
Extract a .tar.gz file in java (JSP);https://stackoverflow.com/questions/14402598/;3;;;
compression and decompression of string data in java;https://stackoverflow.com/questions/16351668/;3;;;
Compress a string to gzip in Java;https://stackoverflow.com/questions/19044638/;3;;;
Java Decompress a string compressed with zlib deflate;https://stackoverflow.com/questions/33020765/;3;;;
"GZIPInputStream closes prematurely when decompressing =HYPERLINK(""HTTPInputStream"")";https://stackoverflow.com/questions/41400810/;0;;;
Java decompress GZIP stream sequentially;https://stackoverflow.com/questions/43299508/;1;;;
How to decompress a Flux<DataBuffer> (and how to write one)?;https://stackoverflow.com/questions/48046007/;0;;;
;;;;;
;;;;;
;;;;;
How do I compress a file in GZip format?;;;;;
;;;;;
GZIPInputStream reading line by line;https://stackoverflow.com/questions/1080381/;;;;
How do I get the InputStream of decompressed data from an InputStream of GZIPed data?;https://stackoverflow.com/questions/1744290/;;;;
Decompress GZip string in Java;https://stackoverflow.com/questions/3621750/;;;;
Working with Zip and GZip files in Java;https://stackoverflow.com/questions/3711282/;;;;
How to check if InputStream is Gzipped?;https://stackoverflow.com/questions/4818468/;;;;
How to Compress/Decompress tar.gz files in java;https://stackoverflow.com/questions/7128171/;;;;
Alternatives for generating a video feed from screenshots;https://stackoverflow.com/questions/9031434/;;;;
gzip archive with multiple files inside;https://stackoverflow.com/questions/10653683/;;;;
Compress an InputStream with gzip;https://stackoverflow.com/questions/11036280/;;;;
why ZipFile(file, ZipFile.OPEN_READ) does not work for GZip;https://stackoverflow.com/questions/13644538/;;;;
Java: Error creating a GZIPInputStream: Not in GZIP format;https://stackoverflow.com/questions/14466840/;;;;
How to create a Gzip archive in java, from strings?;https://stackoverflow.com/questions/16243629/;;;;
compression and decompression of string data in java;https://stackoverflow.com/questions/16351668/;;;;
Compress a string to gzip in Java;https://stackoverflow.com/questions/19044638/;;;;
League of Legends Read Chunks/Keyframes through its RESTful API;https://stackoverflow.com/questions/22827221/;;;;
Java java.io.IOException: Not in GZIP format;https://stackoverflow.com/questions/25310193/;;;;
Is it possible to check whether a file (.gz) has been compressed more than once?;https://stackoverflow.com/questions/38858888/;;;;
;;;;;
;;;;;
;;;;;
;;;;;
;;;;;
How do I parse a text string into date and time?;;;;;
;;;;;
Dates with no time or timezone component in Java/MySQL;https://stackoverflow.com/questions/285553/;;;;
Text File Parsing in Java;https://stackoverflow.com/questions/890862/;;;;
Whats the best way to parse an XML dateTime in Java?;https://stackoverflow.com/questions/909022/;;;;
How to parse this string in Java?;https://stackoverflow.com/questions/950409/;;;;
How to parse a date?;https://stackoverflow.com/questions/999172/;;;;
Converting ISO 8601-compliant String to java.util.Date;https://stackoverflow.com/questions/2201925/;;;;
Illegal pattern character T when parsing a date string to java.util.Date;https://stackoverflow.com/questions/2597083/;;;;
Java string to date conversion;https://stackoverflow.com/questions/4216745/;;;;
How to parse date string to Date?;https://stackoverflow.com/questions/4496359/;;;;
Convert String to Calendar Object in Java;https://stackoverflow.com/questions/5301226/;;;;
Convert java.util.Date to String;https://stackoverflow.com/questions/5683728/;;;;
Distinguishing and Parsing Dates in Java;https://stackoverflow.com/questions/6058304/;;;;
Converting a date string to a DateTime object using Joda Time library;https://stackoverflow.com/questions/6252678/;;;;
How can I parse UTC date/time (String) into something more readable?;https://stackoverflow.com/questions/6543174/;;;;
How can I convert a Timestamp into either Date or DateTime object?;https://stackoverflow.com/questions/7492423/;;;;
Parse time of format hh:mm:ss;https://stackoverflow.com/questions/11994790/;;;;
how to convert String into Date time format in JAVA?;https://stackoverflow.com/questions/16910344/;;;;
Split date/time strings;https://stackoverflow.com/questions/18099285/;;;;
Java String to DateTime;https://stackoverflow.com/questions/18823627/;;;;
Java: Convert String to TimeStamp;https://stackoverflow.com/questions/18915075/;;;;
How to parse/format dates with LocalDateTime? (Java 8);https://stackoverflow.com/questions/22463062/;;;;
Java Unparsable date;https://stackoverflow.com/questions/22464594/;;;;
DateTimeFormater with optional section;https://stackoverflow.com/questions/31645243/;;;;
Getting a date and time input in Eastern Time and converting to UTC timestamp in Java;https://stackoverflow.com/questions/33179166/;;;;
Is there a way to determine if a DateTimeFormatter is date only or time only after construction?;https://stackoverflow.com/questions/34793263/;;;;
Java8 parse date or date time format for a given string;https://stackoverflow.com/questions/35707882/;;;;
Why does `GMT+8` fail to parse with pattern `O` despite being copied straight out of doc?;https://stackoverflow.com/questions/37287103/;;;;
OffsetDateTime parsing;https://stackoverflow.com/questions/38048032/;;;;
Passing a parameter into Duckling Clojure function from within Java application;https://stackoverflow.com/questions/42384727/;;;;
convert String yyyy-MM-dd to LocalDateTime;https://stackoverflow.com/questions/42763103/;;;;
;;;;;
;;;;;
;;;;;
;;;;;
How do I connect to a MongoDB Database?;;;;;
;;;;;
JMX Registration Error with MongoDB;https://stackoverflow.com/questions/10723120/;;;;
How connect Mongo DB with Android application;https://stackoverflow.com/questions/11433091/;;;;
Spring-data-mongodb connect to multiple databases in one Mongo instance;https://stackoverflow.com/questions/12078669/;;;;
Connect to external mongo database (java);https://stackoverflow.com/questions/14296750/;;;;
Connect to remote mongodb server with java;https://stackoverflow.com/questions/16842305/;;;;
MongoDB: check connection to DB;https://stackoverflow.com/questions/17194268/;;;;
Authentication during connection to MongoDB server instance using Java;https://stackoverflow.com/questions/21859579/;;;;
Create Collection in MongoDB Using Java;https://stackoverflow.com/questions/26214587/;;;;
How can I connect to MongoDB server using JAVA from OpenShift?;https://stackoverflow.com/questions/30128804/;;;;
How to connect to a MongoDB database, in Android?;https://stackoverflow.com/questions/31500779/;;;;
Cant connect to local monogoDB from java;https://stackoverflow.com/questions/31933821/;;;;
In Spring-Boot, How can we connect to two databases (Mysql database and MongoDB) in the same project?;https://stackoverflow.com/questions/32820957/;;;;
How to connect to MongoDB 3.2 in Java with username and password?;https://stackoverflow.com/questions/35392797/;;;;
When does java MongoClient establish a connection to the DB?;https://stackoverflow.com/questions/37816419/;;;;
java.lang.NoSuchMethodError Error while connecting mongoDb through Spring;https://stackoverflow.com/questions/40102237/;;;;
How to connect Two Database MySQL and MongoDB in the same project? Is it possible?;https://stackoverflow.com/questions/43709528/;;;;
;;;;;
;;;;;
;;;;;
How do I send an HTML email?;;;;;
;;;;;
How can I send an email by Java application using GMail, Yahoo, or Hotmail?;https://stackoverflow.com/questions/46663/;;;;
How to send html email to outlook from Java;https://stackoverflow.com/questions/322298/;;;;
How do I send an e-mail in Java?;https://stackoverflow.com/questions/884943/;;;;
Send email using java;https://stackoverflow.com/questions/3649014/;;;;
How do I send an HTML email?;https://stackoverflow.com/questions/5068827/;;;;
how to send HTML email;https://stackoverflow.com/questions/5223079/;;;;
How do I send HTML email in Spring MVC?;https://stackoverflow.com/questions/5289849/;;;;
How Can I put a HTML link Inside an email body?;https://stackoverflow.com/questions/5492869/;;;;
How do I send mail with both plain text as well as HTML text so that each mail reader can choose the format appropriate for it?;https://stackoverflow.com/questions/6756162/;;;;
Sending Email Content in HTML;https://stackoverflow.com/questions/8652055/;;;;
Sending HTML email through amazon ses;https://stackoverflow.com/questions/13801730/;;;;
send html page as email in java;https://stackoverflow.com/questions/23008529/;;;;
Unable to send HTML emails using javamail to Gmail;https://stackoverflow.com/questions/29127442/;;;;
how to send a html email with attached file using JavaMail;https://stackoverflow.com/questions/31825939/;;;;
Send HTML email with plain text fallback via Gmail API;https://stackoverflow.com/questions/34165219/;;;;
;;;;;
;;;;;
;;;;;
How do I read last n characters from a file?;;;;;
;;;;;
How do I create a Java string from the contents of a file?;https://stackoverflow.com/questions/326390/;;;;
Quickly read the last line of a text file?;https://stackoverflow.com/questions/686231/;;;;
How do I read input character-by-character in Java?;https://stackoverflow.com/questions/811851/;;;;
How do I get the first n characters of a string without checking the size or going out of bounds?;https://stackoverflow.com/questions/1583940/;;;;
Java: How to read a text file;https://stackoverflow.com/questions/2788080/;;;;
Reading a single char in Java;https://stackoverflow.com/questions/3043306/;;;;
Read last byte from file and truncate to size;https://stackoverflow.com/questions/3301445/;;;;
Java : Read last n lines of a HUGE file;https://stackoverflow.com/questions/4121678/;;;;
Reading a plain text file in Java;https://stackoverflow.com/questions/4716503/;;;;
Check line for unprintable characters while reading text file;https://stackoverflow.com/questions/7413830/;;;;
How to read file from end to start (in reverse order) in Java?;https://stackoverflow.com/questions/8664705/;;;;
How to read last 5 lines of a .txt file into java;https://stackoverflow.com/questions/9465269/;;;;
How to read an input file char by char using a Scanner?;https://stackoverflow.com/questions/13370053/;;;;
Counting number of lines, words, and characters in a text file;https://stackoverflow.com/questions/15239371/;;;;
Get the last three chars from any string - Java;https://stackoverflow.com/questions/15253406/;;;;
Read last n bytes of file using Java;https://stackoverflow.com/questions/15317055/;;;;
Java: How read a File line by line by ignoring \n;https://stackoverflow.com/questions/16712115/;;;;
First character of the reading from the text file : ï»¿;https://stackoverflow.com/questions/17405165/;;;;
how to read last line in a text file using java;https://stackoverflow.com/questions/17509781/;;;;
How to read Delphi record structure in Java;https://stackoverflow.com/questions/19619632/;;;;
How do I read the last n bytes of a file in Java;https://stackoverflow.com/questions/20155829/;;;;
Read last character of a text file;https://stackoverflow.com/questions/29077801/;;;;
Finding the last active thread to print something;https://stackoverflow.com/questions/31690971/;;;;
;;;;;
;;;;;
;;;;;
Creating MySql database programatically in Java;;;;;
;;;;;
Create MySQL database from Java;https://stackoverflow.com/questions/717436/;;;;
Importing a (mysql) database dump programmatically through Java;https://stackoverflow.com/questions/1955268/;;;;
How to programmatically create a Java ResultSet from custom data with no database;https://stackoverflow.com/questions/2052745/;;;;
Simple Backup and Restore for mysql Database from Java;https://stackoverflow.com/questions/14924770/;;;;
How to start a Mysql server in Java programatically?;https://stackoverflow.com/questions/16181993/;;;;
creating a database in mysql from java;https://stackoverflow.com/questions/19009117/;;;;
Java creating tables in MySQL Database;https://stackoverflow.com/questions/19016363/;;;;
How to create a database with flyway?;https://stackoverflow.com/questions/19791019/;;;;
Creating a table programmatically using MyBatis and MySql;https://stackoverflow.com/questions/32270897/;;;;
;;;;;
;;;;;
;;;;;
Generating MD5 digest from File or InputStream object;;;;;
;;;;;
Getting a Files MD5 Checksum in Java;https://stackoverflow.com/questions/304268/;;;;
How can I generate an MD5 hash?;https://stackoverflow.com/questions/415953/;;;;
How to generate a checksum for an java object;https://stackoverflow.com/questions/2644847/;;;;
How can you generate the same MD5 Hashcode in C# and Java?;https://stackoverflow.com/questions/2920044/;;;;
Hash String via SHA-256 in Java;https://stackoverflow.com/questions/3103652/;;;;
How to generate Hash of any file in java?;https://stackoverflow.com/questions/4883145/;;;;
Get MD5 String from Message Digest;https://stackoverflow.com/questions/5470219/;;;;
The MD5 from a local file and the MD5 (eTag) from S3 is not the same;https://stackoverflow.com/questions/6256434/;;;;
AmazonS3 putObject with InputStream length example;https://stackoverflow.com/questions/8351886/;;;;
Very slow to generate MD5 for large file using Java;https://stackoverflow.com/questions/9321912/;;;;
Is it possible to create a File object from InputStream;https://stackoverflow.com/questions/11501418/;;;;
md5 check on inputstream without saving as file;https://stackoverflow.com/questions/16928233/;;;;
Converting from FSDataInputStream to FileInputStream;https://stackoverflow.com/questions/19099582/;;;;
Calculate multiple checksums from the same InputStream using DigestInputStream;https://stackoverflow.com/questions/19300774/;;;;
What is the best way to calculate a checksum for a Java class?;https://stackoverflow.com/questions/19993837/;;;;
computing checksum for an input stream;https://stackoverflow.com/questions/24866580/;;;;
MD5 checksum from input stream;https://stackoverflow.com/questions/27694797/;;;;
Apache DigestUtils seem to calculate MD5 partially wrong;https://stackoverflow.com/questions/39110379/;;;;
How to calculate SHA-256 checksum of S3 file content;https://stackoverflow.com/questions/50226112/;;;;
;;;;;
;;;;;
;;;;;
How do I calculate the MD5 digest of a string?;;;;;
;;;;;
Getting a Files MD5 Checksum in Java;https://stackoverflow.com/questions/304268/;;;;
In Java, how do I convert a byte array to a string of hex digits while keeping leading zeros?;https://stackoverflow.com/questions/332079/;;;;
How can I generate an MD5 hash?;https://stackoverflow.com/questions/415953/;;;;
Java ME MD5 string using bouncy castle - cannot hash multiple times;https://stackoverflow.com/questions/2194222/;;;;
How to generate a checksum for an java object;https://stackoverflow.com/questions/2644847/;;;;
How can you generate the same MD5 Hashcode in C# and Java?;https://stackoverflow.com/questions/2920044/;;;;
construct a unique number for a string in java;https://stackoverflow.com/questions/3037440/;;;;
MD5 format in Java;https://stackoverflow.com/questions/3627629/;;;;
Convert MD5 array to String java;https://stackoverflow.com/questions/3752981/;;;;
How to hash a string in Android?;https://stackoverflow.com/questions/3934331/;;;;
Java calculate hex representation of a SHA-1 digest of a String;https://stackoverflow.com/questions/4400774/;;;;
compute md5 hash of multi part data (multiple strings);https://stackoverflow.com/questions/4785275/;;;;
Get MD5 String from Message Digest;https://stackoverflow.com/questions/5470219/;;;;
Computing the MD5 hash of a string in scala;https://stackoverflow.com/questions/5992778/;;;;
Java calculate MD5 hash;https://stackoverflow.com/questions/7776116/;;;;
How do I compile a Hive UDF;https://stackoverflow.com/questions/11019465/;;;;
MD5 Generates 31 character hash in Java;https://stackoverflow.com/questions/13411996/;;;;
How to calculate hash value of a file in Java?;https://stackoverflow.com/questions/32032851/;;;;
Java convert string to md5 and vise versa;https://stackoverflow.com/questions/39637036/;;;;
;;;;;
;;;;;
;;;;;
How do I clone an array variable?;;;;;
;;;;;
copy a 2d array in java;https://stackoverflow.com/questions/1686425/;;;;
Variable length (Dynamic) Arrays in Java;https://stackoverflow.com/questions/2426671/;;;;
How to copy an object by value, not by reference;https://stackoverflow.com/questions/2624165/;;;;
How do I clone a java byte array?;https://stackoverflow.com/questions/3208899/;;;;
Returning const reference of an arraylist;https://stackoverflow.com/questions/4262434/;;;;
clone(): ArrayList.clone() I thought does a shallow copy;https://stackoverflow.com/questions/4592478/;;;;
How do I copy a 2 Dimensional array in Java?;https://stackoverflow.com/questions/5617016/;;;;
Java obj cloning problem;https://stackoverflow.com/questions/5723939/;;;;
Make copy of array;https://stackoverflow.com/questions/5785745/;;;;
Does calling clone() on an array also clone its contents?;https://stackoverflow.com/questions/5821851/;;;;
problem with assigning an array to other array in java;https://stackoverflow.com/questions/7350173/;;;;
How do you set one arrays values to another arrays values in Java?;https://stackoverflow.com/questions/7882074/;;;;
How do I copy the contents of one ArrayList into another?;https://stackoverflow.com/questions/8441664/;;;;
How to clone a multidimensional array in java?;https://stackoverflow.com/questions/9106131/;;;;
How can I copy an array by value in Java?;https://stackoverflow.com/questions/10134525/;;;;
Duplicating objects in Java;https://stackoverflow.com/questions/12072727/;;;;
.clone() or Arrays.copyOf()?;https://stackoverflow.com/questions/12157300/;;;;
Are arrays passed by value or passed by reference in Java?;https://stackoverflow.com/questions/12757841/;;;;
Clone method for Java arrays;https://stackoverflow.com/questions/14149733/;;;;
Whats the best way to implement `next` and `previous` on an enum type?;https://stackoverflow.com/questions/17006239/;;;;
Does Arrays.copyOf produce a shallow or a deep copy?;https://stackoverflow.com/questions/18351726/;;;;
clone vs copying Array in Java?;https://stackoverflow.com/questions/18771899/;;;;
Copying Arrays The Right Way;https://stackoverflow.com/questions/32806173/;;;;
Initialize superclass variables (needed in constructor) in a subclass;https://stackoverflow.com/questions/33002225/;;;;
length field in Object Class;https://stackoverflow.com/questions/39177415/;;;;
How to avoid servlet converting a multidimensional array of string into one-dimensional array of strings?;https://stackoverflow.com/questions/42185009/;;;;
;;;;;
;;;;;
;;;;;
How to implement the hashCode and equals method using Apache Commons?;;;;;
;;;;;
What issues should be considered when overriding equals and hashCode in Java?;https://stackoverflow.com/questions/27581/;;;;
Is it possible to make eclipse generate hashCode and equals with HashCodeBuilder and EqualsBuilder;https://stackoverflow.com/questions/281121/;;;;
Using two (or more) objects as a HashMap key;https://stackoverflow.com/questions/1190049/;;;;
Is there a Java reflection utility to do a deep comparison of two objects?;https://stackoverflow.com/questions/1449001/;;;;
An efficient equals(Object o) implementation;https://stackoverflow.com/questions/1569688/;;;;
How to use an Interface as Map’s Key;https://stackoverflow.com/questions/1802444/;;;;
What is the correct way of overriding hashCode () and equals () methods of persistent entity?;https://stackoverflow.com/questions/1928191/;;;;
Why use a prime number in hashCode?;https://stackoverflow.com/questions/3613102/;;;;
Apache Commons equals/hashCode builder;https://stackoverflow.com/questions/5038204/;;;;
How to customize hashCode() and equals() generated by Eclipse?;https://stackoverflow.com/questions/6255210/;;;;
How do I use StringUtils in Java?;https://stackoverflow.com/questions/8660151/;;;;
HashCodeBuilder and EqualsBuilder usage style;https://stackoverflow.com/questions/10912646/;;;;
Is the hashCode function generated by Eclipse any good?;https://stackoverflow.com/questions/11795104/;;;;
Is it safe to use Apache commons-io IOUtils.closeQuietly?;https://stackoverflow.com/questions/14436453/;;;;
How to teach eclipse to generate compact equals() and hashCode() from the jdk 7 Objects class?;https://stackoverflow.com/questions/17782032/;;;;
Spring Security SessionRegistry java config only;https://stackoverflow.com/questions/30828192/;;;;
Apache Commons Configuration2 how to read data from InputStream;https://stackoverflow.com/questions/39573880/;;;;
equals() method in apache poi;https://stackoverflow.com/questions/47155255/;;;;
;;;;;
;;;;;
How to monitor file or directory changes?;;;;;
;;;;;
File changed listener in Java;https://stackoverflow.com/questions/494869/;;;;
Changing the current working directory in Java?;https://stackoverflow.com/questions/840190/;;;;
In Java, what is the best/safest pattern for monitoring a file being appended to?;https://stackoverflow.com/questions/1073274/;;;;
Avoid detecting incomplete files when watching a directory for changes in java;https://stackoverflow.com/questions/4742017/;;;;
Directory listener in Java;https://stackoverflow.com/questions/4941869/;;;;
How to effectively monitor change on a remote location?;https://stackoverflow.com/questions/5157780/;;;;
Change file name and its extension before output it Java;https://stackoverflow.com/questions/8909666/;;;;
Monitor file/folders to get change notifications in UNIX;https://stackoverflow.com/questions/14810603/;;;;
Can I watch for single file change with WatchService (not the whole directory)?;https://stackoverflow.com/questions/16251273/;;;;
Monitor subfolders with a Java watch service;https://stackoverflow.com/questions/16611426/;;;;
Change the storage-directory of javamelody;https://stackoverflow.com/questions/17060053/;;;;
Convert a FileObject into a File;https://stackoverflow.com/questions/18484197/;;;;
How to watch a folder and subfolders for changes;https://stackoverflow.com/questions/18701242/;;;;
Watching a Directory for Changes in Java;https://stackoverflow.com/questions/23452527/;;;;
How to find very large file copying status in java;https://stackoverflow.com/questions/37236461/;;;;
;;;;;
;;;;;
;;;;;
How do I move a file in JDK 7?;;;;;
;;;;;
Standard concise way to copy a file in Java?;https://stackoverflow.com/questions/106770/;;;;
Move / Copy File Operations in Java;https://stackoverflow.com/questions/300559/;;;;
Reliable File.renameTo() alternative on Windows?;https://stackoverflow.com/questions/1000183/;;;;
How do I rename (not move) a file in JDK7?;https://stackoverflow.com/questions/1914474/;;;;
Native JDK code to copy files;https://stackoverflow.com/questions/2548306/;;;;
Android Create call fails in windows 7 - missing JDK;https://stackoverflow.com/questions/3052743/;;;;
how to move file from one location to another location in java?;https://stackoverflow.com/questions/4645242/;;;;
Unable to locate tools.jar;https://stackoverflow.com/questions/5730815/;;;;
How to move directories using jdk7;https://stackoverflow.com/questions/6210433/;;;;
Error - trustAnchors parameter must be non-empty;https://stackoverflow.com/questions/6784463/;;;;
Java is installed, in listing, but execution produces ./java: No such file or directory;https://stackoverflow.com/questions/9081962/;;;;
What is a good Java library to zip/unzip files?;https://stackoverflow.com/questions/9324933/;;;;
In JDK7, is there a way to use ternary operator when moving a file to conditionally use REPLACE_EXISTING?;https://stackoverflow.com/questions/10250039/;;;;
How do I run Eclipse using Oracles new 1.7 JDK for the Mac?;https://stackoverflow.com/questions/10352715/;;;;
How to locate my java jdk folder and edit the path variable - integration maven;https://stackoverflow.com/questions/13230718/;;;;
How to copy file from one location to another location?;https://stackoverflow.com/questions/16433915/;;;;
Copy file in Java and replace existing target;https://stackoverflow.com/questions/17169541/;;;;
How to copy a file to a directory in Java 7;https://stackoverflow.com/questions/19694471/;;;;
how to create HashMap or Arraylist which will contain all java classs constants;https://stackoverflow.com/questions/26087015/;;;;
Setting the correct PATH for Eclipse;https://stackoverflow.com/questions/35881210/;;;;
;;;;;
;;;;;
;;;;;
How do I create and delete a file in JDK 7?;;;;;
;;;;;
Move / Copy File Operations in Java;https://stackoverflow.com/questions/300559/;;;;
How do I create a Java string from the contents of a file?;https://stackoverflow.com/questions/326390/;;;;
How to create a temporary directory/folder in Java?;https://stackoverflow.com/questions/617414/;;;;
Delete directories recursively in Java;https://stackoverflow.com/questions/779519/;;;;
file.delete() returns false even though file.exists(), file.canRead(), file.canWrite(), file.canExecute() all return true;https://stackoverflow.com/questions/991489/;;;;
How do I rename (not move) a file in JDK7?;https://stackoverflow.com/questions/1914474/;;;;
How do I create a file and write to it in Java?;https://stackoverflow.com/questions/2885173/;;;;
deleting folder from java;https://stackoverflow.com/questions/3775694/;;;;
Java 7: Path vs File;https://stackoverflow.com/questions/6903335/;;;;
Atomic Operation in Java to create a hardlink and delete a file;https://stackoverflow.com/questions/7988044/;;;;
How do I use directory globbing in JDK7;https://stackoverflow.com/questions/9148528/;;;;
java.nio.file.Files.isWriteable doesnt agree with java.io.File.canWrite();https://stackoverflow.com/questions/12688287/;;;;
Delete files older than x days;https://stackoverflow.com/questions/15042855/;;;;
How to check if I can delete a file?;https://stackoverflow.com/questions/16539233/;;;;
How to delete a folder with files using Java;https://stackoverflow.com/questions/20281835/;;;;
Setting JAVA_HOME environment variable on MAC OSX 10.9;https://stackoverflow.com/questions/22842743/;;;;
How to delete file properly?;https://stackoverflow.com/questions/41677318/;;;;
;;;;;
;;;;;
;;;;;
How to recursively list all text files in a directory?;;;;;
;;;;;
Java: Find .txt files in specified folder;https://stackoverflow.com/questions/1384947/;;;;
Search recursively in text files in a directory with java?;https://stackoverflow.com/questions/1455383/;;;;
How to read all files in a folder from Java?;https://stackoverflow.com/questions/1844688/;;;;
Recursively list files in Java;https://stackoverflow.com/questions/2056221/;;;;
List all files from a directory recursively with Java;https://stackoverflow.com/questions/2534632/;;;;
Java: how to get all subdirs recursively?;https://stackoverflow.com/questions/2581158/;;;;
java: search file according to its name in directory and subdirectories;https://stackoverflow.com/questions/6251762/;;;;
javac option to compile all java files under a given directory recursively;https://stackoverflow.com/questions/6623161/;;;;
How to get all text files from one folder using Java?;https://stackoverflow.com/questions/8921987/;;;;
How to read files recursively in Java 7?;https://stackoverflow.com/questions/10523585/;;;;
Creating a tree using json from a list/table;https://stackoverflow.com/questions/10660167/;;;;
Recursively search for a directory in Java;https://stackoverflow.com/questions/10780747/;;;;
get number of files in a directory and its subdirectories;https://stackoverflow.com/questions/12616124/;;;;
Recursively find all text files in directory;https://stackoverflow.com/questions/13444701/;;;;
list all files in the folder and also sub folders;https://stackoverflow.com/questions/14676407/;;;;
Recursively list all files within a directory using nio.file.DirectoryStream;https://stackoverflow.com/questions/20987214/;;;;
Recursively fetch file contents from subdirectories using sc.textFile;https://stackoverflow.com/questions/28817940/;;;;
How to list all files from the resources directory;https://stackoverflow.com/questions/36093645/;;;;
Java 8 : Get files from folder / subfolder;https://stackoverflow.com/questions/48563709/;;;;
;;;;;
;;;;;
How do I copy a file in JDK 7?;;;;;
;;;;;
Standard concise way to copy a file in Java?;https://stackoverflow.com/questions/106770/;;;;
Move / Copy File Operations in Java;https://stackoverflow.com/questions/300559/;;;;
File to byte[] in Java;https://stackoverflow.com/questions/858980/;;;;
Copying files from one directory to another in Java;https://stackoverflow.com/questions/1146153/;;;;
How can I get the latest JRE / JDK as a zip file rather than EXE or MSI installer?;https://stackoverflow.com/questions/1619662/;;;;
How do I rename (not move) a file in JDK7?;https://stackoverflow.com/questions/1914474/;;;;
Native JDK code to copy files;https://stackoverflow.com/questions/2548306/;;;;
How do I get the file extension of a file in Java?;https://stackoverflow.com/questions/3571223/;;;;
Unable to locate tools.jar;https://stackoverflow.com/questions/5730815/;;;;
How do I use JDK 7 on Mac OSX?;https://stackoverflow.com/questions/6267392/;;;;
isDirectory() returns true for a file;https://stackoverflow.com/questions/6689941/;;;;
Error - trustAnchors parameter must be non-empty;https://stackoverflow.com/questions/6784463/;;;;
How to locate my java jdk folder and edit the path variable - integration maven;https://stackoverflow.com/questions/13230718/;;;;
JDK7 Files.copy;https://stackoverflow.com/questions/13579380/;;;;
Whats the correct way of installing jdk on linux;https://stackoverflow.com/questions/14931932/;;;;
Linux copy files from Java program;https://stackoverflow.com/questions/15265461/;;;;
How to copy file from one location to another location?;https://stackoverflow.com/questions/16433915/;;;;
How to copy file from directory to another Directory in Java;https://stackoverflow.com/questions/17812487/;;;;
How to copy a file to a directory in Java 7;https://stackoverflow.com/questions/19694471/;;;;
java copy file on network drive;https://stackoverflow.com/questions/22591539/;;;;
Why has my JAVA SDK no javac binary?;https://stackoverflow.com/questions/24418436/;;;;
How to copy .xlsx complete workbook;https://stackoverflow.com/questions/33749323/;;;;
Java: Use parallel stream to copy files;https://stackoverflow.com/questions/36090193/;;;;
;;;;;
;;;;;
;;;;;
How do I set the value of file attributes?;;;;;
;;;;;
How do I programmatically change file permissions?;https://stackoverflow.com/questions/664432/;;;;
Order of XML attributes after DOM processing;https://stackoverflow.com/questions/726395/;;;;
Can I set enum start value in Java?;https://stackoverflow.com/questions/1067352/;;;;
How to use Java property files?;https://stackoverflow.com/questions/1318347/;;;;
How to retrieve element value of XML using Java?;https://stackoverflow.com/questions/4076910/;;;;
Getting an attribute value in xml element;https://stackoverflow.com/questions/4138754/;;;;
JAXB - Property Value is already defined. Use <jaxb:property> to resolve this conflict;https://stackoverflow.com/questions/4394134/;;;;
Android 1.5 and dom4j - attributes names parsed incorrectly;https://stackoverflow.com/questions/4921674/;;;;
How to set session attribute in java?;https://stackoverflow.com/questions/8292940/;;;;
Set default value in JAXB;https://stackoverflow.com/questions/9885703/;;;;
How to add attributes Dynamically for java object?;https://stackoverflow.com/questions/12832554/;;;;
According to TLD or attribute directive in tag file, attribute items does not accept any expressions;https://stackoverflow.com/questions/13428788/;;;;
Updating property value in properties file without deleting other values;https://stackoverflow.com/questions/15337409/;;;;
is it possible to set custom metadata on files, using Java?;https://stackoverflow.com/questions/15906793/;;;;
Where can I find the list of attributes name?;https://stackoverflow.com/questions/18109418/;;;;
Is it possible to attach an image file to the test case result in Rally using Java rally REST API?;https://stackoverflow.com/questions/18703613/;;;;
how to read JPEG file attributes with Java?;https://stackoverflow.com/questions/19224328/;;;;
How to write values in a properties file through java code;https://stackoverflow.com/questions/22370051/;;;;
get a custom attribute of custom textview from XML;https://stackoverflow.com/questions/25583227/;;;;
How to find and replace an attribute value in a XML;https://stackoverflow.com/questions/28837786/;;;;
How to access a value defined in the application.properties file in Spring Boot;https://stackoverflow.com/questions/30528255/;;;;
UTF-8 encoding of application.properties attributes in Spring-Boot;https://stackoverflow.com/questions/37436927/;;;;
;;;;;
;;;;;
How do I reverse the order of array elements?;;;;;
;;;;;
Sort arrays of primitive types in descending order;https://stackoverflow.com/questions/215271/;;;;
Can one do a for each loop in java in reverse order?;https://stackoverflow.com/questions/1098117/;;;;
How do I reverse an int array in Java?;https://stackoverflow.com/questions/2137755/;;;;
Creating a New Reverse Java Array;https://stackoverflow.com/questions/2670460/;;;;
Reverse a string in Java;https://stackoverflow.com/questions/7569335/;;;;
Java array order reversing;https://stackoverflow.com/questions/8095045/;;;;
Looping through the elements in an array backwards;https://stackoverflow.com/questions/9379489/;;;;
Reverse Array Order;https://stackoverflow.com/questions/9995432/;;;;
What is the Simplest Way to Reverse an ArrayList?;https://stackoverflow.com/questions/10766492/;;;;
Reversing an Array in Java;https://stackoverflow.com/questions/12678781/;;;;
Java, recursively reverse an array;https://stackoverflow.com/questions/13150131/;;;;
added elements in ArrayList in the reverse order in java;https://stackoverflow.com/questions/14987971/;;;;
Logic needed to reverse an array when there are non empty, continuous elements;https://stackoverflow.com/questions/15254477/;;;;
for loop to print the integer array in reverse;https://stackoverflow.com/questions/21266547/;;;;
Java 8 stream reverse order;https://stackoverflow.com/questions/24010109/;;;;
Java Array Iterator;https://stackoverflow.com/questions/27604211/;;;;
How to get ordered stream from a list in reverse order in Java 8;https://stackoverflow.com/questions/29403614/;;;;
How to sort an IntStream in reverse order;https://stackoverflow.com/questions/30740471/;;;;
Java: how to reverse the order of every N elements in an ArrayList;https://stackoverflow.com/questions/34971077/;;;;
;;;;;
;;;;;
;;;;;
;;;;;
How do I get all available currency codes?;;;;;
;;;;;
How to display all elements in an arraylist?;https://stackoverflow.com/questions/762400/;;;;
Java code for getting current time;https://stackoverflow.com/questions/833768/;;;;
Can I get a text description of an ISO currency code in Java?;https://stackoverflow.com/questions/1458912/;;;;
Java Currency Number format;https://stackoverflow.com/questions/2379221/;;;;
Get the currency format for a country that does not have a Locale constant;https://stackoverflow.com/questions/2544454/;;;;
Java - Get a list of all Classes loaded in the JVM;https://stackoverflow.com/questions/2548384/;;;;
Get All Possible Available Currencies;https://stackoverflow.com/questions/3536968/;;;;
How can I format a String number to have commas and round?;https://stackoverflow.com/questions/3672731/;;;;
Currency code to currency symbol mapping;https://stackoverflow.com/questions/3888991/;;;;
Java: Currency symbol based on ISO 4217 currency cod;https://stackoverflow.com/questions/3994016/;;;;
Can I get all methods of a class?;https://stackoverflow.com/questions/5266532/;;;;
Formatting Currencies in Foreign Locales in Java;https://stackoverflow.com/questions/7828364/;;;;
How to get a web pages source code from Java;https://stackoverflow.com/questions/8616781/;;;;
How to print out all the elements of a List in Java?;https://stackoverflow.com/questions/10168066/;;;;
Show only two digit after decimal;https://stackoverflow.com/questions/10959424/;;;;
How do I add a new Currency to java.util.Currency for an existing country code in Java 7?;https://stackoverflow.com/questions/12432527/;;;;
How does Java import work?;https://stackoverflow.com/questions/12620369/;;;;
Double decimal formatting in Java;https://stackoverflow.com/questions/12806278/;;;;
Not getting currency symbols for specific Locale;https://stackoverflow.com/questions/15106484/;;;;
getting currency code if we have only country code in database;https://stackoverflow.com/questions/16832655/;;;;
Cannot save value in SharedPreferences;https://stackoverflow.com/questions/17823235/;;;;
Generating a Random Number between 1 and 10 Java;https://stackoverflow.com/questions/20389890/;;;;
How to get the currency symbol for particular country using locale?;https://stackoverflow.com/questions/29969439/;;;;
;;;;;
;;;;;
;;;;;
How do I get host's default timezone id?;;;;;
;;;;;
How to get the current date and time of your timezone in Java?;https://stackoverflow.com/questions/1305350/;;;;
TimeZone IDs in Java;https://stackoverflow.com/questions/1707799/;;;;
How to set a JVM TimeZone Properly;https://stackoverflow.com/questions/2493749/;;;;
How to set time zone of a java.util.Date?;https://stackoverflow.com/questions/2891361/;;;;
Getting devices local timezone;https://stackoverflow.com/questions/4312680/;;;;
Recommended way to get hostname in Java;https://stackoverflow.com/questions/7348711/;;;;
How to get TimeZone from android mobile?;https://stackoverflow.com/questions/7672597/;;;;
What is the default timezone in java.util.Date;https://stackoverflow.com/questions/11337557/;;;;
Java TimeZone offset;https://stackoverflow.com/questions/11399491/;;;;
TimeZone.getTimeZone(CST) returns GMT;https://stackoverflow.com/questions/17242764/;;;;
Get date in current timezone in java;https://stackoverflow.com/questions/24806183/;;;;
Why are timezones with same offset from UTC are showing different times?;https://stackoverflow.com/questions/30409774/;;;;
Java TimeZone.getTimeZone(PDT) not working;https://stackoverflow.com/questions/31151764/;;;;
Handling TimeZone change with Date class in JAVA;https://stackoverflow.com/questions/35312361/;;;;
java: how to get Timezone abbreviation (from offset)?;https://stackoverflow.com/questions/39984302/;;;;
How to get default ZoneOffset in java8?;https://stackoverflow.com/questions/41427384/;;;;
How to get Country Code from timezone ID in java?;https://stackoverflow.com/questions/49421025/;;;;
;;;;;
;;;;;
;;;;;
How to create an XML file of a POJO using JAXB?;;;;;
;;;;;
Generate Java classes from .XSD files...?;https://stackoverflow.com/questions/686453/;;;;
How do I parse this XML in Java with JAXB?;https://stackoverflow.com/questions/8186896/;;;;
Marshalling XML file to Java pojo/domain object;https://stackoverflow.com/questions/8577359/;;;;
Generate Java classes with JAXB from a DTD file - how can I modify the DTD?;https://stackoverflow.com/questions/10312159/;;;;
convert xml to java object using jaxb (unmarshal);https://stackoverflow.com/questions/11221136/;;;;
Binding XML using POJO and JAXB annotations;https://stackoverflow.com/questions/11311374/;;;;
Creating an XML file from XSD from JAXB;https://stackoverflow.com/questions/12147428/;;;;
JAXB marshalling Java to output XML file;https://stackoverflow.com/questions/13788617/;;;;
Parse XML TO JAVA POJO in efficient way;https://stackoverflow.com/questions/14789302/;;;;
JAXB: how to unmarshall Java object composed from multiple tags or attribute values;https://stackoverflow.com/questions/15906165/;;;;
how to parse xml to java object?;https://stackoverflow.com/questions/16364547/;;;;
read Xml file with JAXB;https://stackoverflow.com/questions/17059227/;;;;
Implementing JAXB without POJO classes and with linkedHashmaps;https://stackoverflow.com/questions/18533468/;;;;
JAXB unmarshall with namespaces and prefix;https://stackoverflow.com/questions/19395400/;;;;
How to write Data into XML file using JAXB?;https://stackoverflow.com/questions/21751624/;;;;
Convert Java object to XML string;https://stackoverflow.com/questions/26959343/;;;;
Create POJO from XML with JAXB;https://stackoverflow.com/questions/46430175/;;;;
;;;;;
;;;;;
;;;;;
How do I compare two dates?;;;;;
;;;;;
Compare two dates with JPA;https://stackoverflow.com/questions/1347823/;;;;
How to compare two Dates without the time portion?;https://stackoverflow.com/questions/1439779/;;;;
Calculating the difference between two Java date instances;https://stackoverflow.com/questions/1555262/;;;;
In Java, how do I get the difference in seconds between 2 dates?;https://stackoverflow.com/questions/1970239/;;;;
Comparing two java.util.Dates to see if they are in the same day;https://stackoverflow.com/questions/2517709/;;;;
How to compare dates in Java?;https://stackoverflow.com/questions/2592501/;;;;
Check a Date is between two dates in Java;https://stackoverflow.com/questions/2896173/;;;;
Compare two dates in Java;https://stackoverflow.com/questions/3144387/;;;;
Comparing Class Types in Java;https://stackoverflow.com/questions/6149677/;;;;
Why is subtracting these two times (in 1927) giving a strange result?;https://stackoverflow.com/questions/6841333/;;;;
how to compare two dates in java?;https://stackoverflow.com/questions/8367936/;;;;
Comparing two dates using Joda time;https://stackoverflow.com/questions/13764106/;;;;
How to compare two dates that if one date is less than other;https://stackoverflow.com/questions/14451659/;;;;
Compare two dates in Java, one obtained from MySQL;https://stackoverflow.com/questions/14805592/;;;;
java Compare two dates;https://stackoverflow.com/questions/15925509/;;;;
how to compare two dates in java in a simple way;https://stackoverflow.com/questions/18099225/;;;;
How to compare two dates along with time in java;https://stackoverflow.com/questions/22039991/;;;;
How to compare two string dates in Java?;https://stackoverflow.com/questions/25963720/;;;;
How to compare LocalDate instances Java 8;https://stackoverflow.com/questions/29201103/;;;;
How to compare two dates in String format?;https://stackoverflow.com/questions/32330661/;;;;
Java 8 LocalDate - How do I get all dates between two dates?;https://stackoverflow.com/questions/38220543/;;;;
Java compare two Dates Year, month and day;https://stackoverflow.com/questions/42434579/;;;;
;;;;;
;;;;;
;;;;;
;;;;;
;;;;;
;;;;;
How do I retrieve available schemas in database?;;;;;
;;;;;
Ways to save enums in database;https://stackoverflow.com/questions/229856/;;;;
Retrieve column names from java.sql.ResultSet;https://stackoverflow.com/questions/696782/;;;;
How to get all table names from a database?;https://stackoverflow.com/questions/2780284/;;;;
Connect Java to a MySQL database;https://stackoverflow.com/questions/2839321/;;;;
How to retrieve element value of XML using Java?;https://stackoverflow.com/questions/4076910/;;;;
how to get list of Databases Schema names of MySql using java JDBC;https://stackoverflow.com/questions/5679259/;;;;
How to get database url from java.sql.Connection?;https://stackoverflow.com/questions/5718952/;;;;
How to get database schema name when using oracle jdbc connection?;https://stackoverflow.com/questions/13341286/;;;;
How to get all table names in android sqlite database?;https://stackoverflow.com/questions/15383847/;;;;
MongoDB list available databases in java;https://stackoverflow.com/questions/15416559/;;;;
How to display or print the contents of a database table as is?;https://stackoverflow.com/questions/15444982/;;;;
How do I validate incoming JSON data inside a REST service?;https://stackoverflow.com/questions/18154983/;;;;
How to see all tables in my h2 database at localhost:8082?;https://stackoverflow.com/questions/23403875/;;;;
how can i retrieve data from multiple databases in a single query?;https://stackoverflow.com/questions/24161845/;;;;
Unable to get spring boot to automatically create database schema;https://stackoverflow.com/questions/26881739/;;;;
How to deploy a Java webapp on Amazon EC2 so that you can efficiently use autoscaling?;https://stackoverflow.com/questions/27902698/;;;;
Hive, how do I retrieve all the databases tables columns;https://stackoverflow.com/questions/29239565/;;;;
Geotools MultiPolygon to DB and back;https://stackoverflow.com/questions/30782841/;;;;
;;;;;
;;;;;
;;;;;
How do I call a stored procedure that return a result set?;;;;;
;;;;;
Getting the Return Value from JDBC MSSQL;https://stackoverflow.com/questions/1947754/;;;;
Hibernate: how to call a stored function returning a varchar?;https://stackoverflow.com/questions/2942977/;;;;
Call Oracle Stored Procedure Using createNativeQuery;https://stackoverflow.com/questions/3180759/;;;;
Calling stored procedure from Java / JPA;https://stackoverflow.com/questions/3572626/;;;;
returning a result set from a java stored procedure through SQL select * from ;https://stackoverflow.com/questions/5740717/;;;;
Springs Stored Procedure, parsing the result Map;https://stackoverflow.com/questions/8439765/;;;;
How to call SQL Server stored procedure in java with result set, and input, output parameters?;https://stackoverflow.com/questions/8994581/;;;;
Queries returning multiple result sets;https://stackoverflow.com/questions/9696572/;;;;
Can stored procedures return a result set?;https://stackoverflow.com/questions/10294687/;;;;
Accessing stored procedures multiple result sets in Apache Camel;https://stackoverflow.com/questions/11187834/;;;;
Calling Oracle stored procedure with DATE input doesnt set the HH:MM:SS;https://stackoverflow.com/questions/14989947/;;;;
How to execute a sql stored procedure from Java Hibernate using Session Factory?;https://stackoverflow.com/questions/16007881/;;;;
Resultset of stored procedure contains list of LinkedCaseInsensitiveMap<V>;https://stackoverflow.com/questions/19368520/;;;;
Retrieve the returned value from sql server stored procedure using java;https://stackoverflow.com/questions/20268187/;;;;
Call stored procedure using Spring SimpleJdbcCall with callback;https://stackoverflow.com/questions/23971434/;;;;
Get JDBC Result set in Hibernate;https://stackoverflow.com/questions/25487070/;;;;
How to call PostgreSQL stored procedures with JDBC;https://stackoverflow.com/questions/26110185/;;;;
Calling Sqlserver stored procedure from JDBC,Java;https://stackoverflow.com/questions/29701914/;;;;
Stored Procedure with return values;https://stackoverflow.com/questions/33121521/;;;;
Hsqldb - Return a Result Set from Stored Proc;https://stackoverflow.com/questions/34402193/;;;;
java code make a stored procedure return a resultset in DAO layer;https://stackoverflow.com/questions/35612566/;;;;
SP not returning resultset;https://stackoverflow.com/questions/36012993/;;;;
Cannot retrieve the value I desired to Select using Stored Procedure;https://stackoverflow.com/questions/36185608/;;;;
How to get result set from store procedure with parameter in jbdc;https://stackoverflow.com/questions/50023697/;;;;
;;;;;
;;;;;
;;;;;
How do I convert raw IP address to String?;;;;;
;;;;;
Raw Strings in Java - for regex in particular;https://stackoverflow.com/questions/1256667/;;;;
Java: convert int to InetAddress;https://stackoverflow.com/questions/1957637/;;;;
Avoid using InetAddress - Getting a raw IP address in network byte order;https://stackoverflow.com/questions/2753139/;;;;
Formatting MAC address byte array to String;https://stackoverflow.com/questions/2797430/;;;;
Converting CIDR address to subnet mask and network address;https://stackoverflow.com/questions/2942299/;;;;
Converting string to IP Address in java(android);https://stackoverflow.com/questions/6026426/;;;;
Get IP address with URL string? (Java);https://stackoverflow.com/questions/9286861/;;;;
Java:inetaddress to String conversion;https://stackoverflow.com/questions/9340989/;;;;
Getting the IP address of the current machine using Java;https://stackoverflow.com/questions/9481865/;;;;
Manipulating IP addresses - split string on . character;https://stackoverflow.com/questions/15310505/;;;;
Java IPv6 Address String to Bytes;https://stackoverflow.com/questions/17267670/;;;;
Convert hexadecimal string to IP Address;https://stackoverflow.com/questions/17489404/;;;;
Convert a String to InetAddress without DNS lookup;https://stackoverflow.com/questions/20519491/;;;;
decoding bytes to ipaddress;https://stackoverflow.com/questions/35152388/;;;;
;;;;;
;;;;;
;;;;;
How do I create an encrypted string for password?;;;;;
;;;;;
Java - encrypt / decrypt user name and password from a configuration file;https://stackoverflow.com/questions/339004/;;;;
Java 256-bit AES Password-Based Encryption;https://stackoverflow.com/questions/992019/;;;;
How to encrypt String in Java;https://stackoverflow.com/questions/1205135/;;;;
How can I hash a password in Java?;https://stackoverflow.com/questions/2860943/;;;;
Java AES and using my own Key;https://stackoverflow.com/questions/3451670/;;;;
encrypt and decrypt property file value in java;https://stackoverflow.com/questions/3769622/;;;;
How to hash a string in Android?;https://stackoverflow.com/questions/3934331/;;;;
Encrypt and decrypt a String in java;https://stackoverflow.com/questions/4487525/;;;;
Java String to SHA1;https://stackoverflow.com/questions/4895523/;;;;
Fast and simple String encrypt/decrypt in JAVA;https://stackoverflow.com/questions/5220761/;;;;
Encrypt and decrypt a password in Java;https://stackoverflow.com/questions/6592010/;;;;
How to decrypt sha1-encrypted String in Java;https://stackoverflow.com/questions/7735474/;;;;
How do I encrypt/decrypt a string with another string as a password?;https://stackoverflow.com/questions/7762771/;;;;
Java - Cannot encrypt Windows Remote Desktop password in RDP file;https://stackoverflow.com/questions/10018360/;;;;
Encrypt and Decrypt in Java;https://stackoverflow.com/questions/10303767/;;;;
Securing a password in a properties file;https://stackoverflow.com/questions/10306673/;;;;
How to connect to a database that requires password without exposing the password?;https://stackoverflow.com/questions/11093092/;;;;
Encrypt/Decrypt with AES and salt size of 32;https://stackoverflow.com/questions/13684602/;;;;
zipping encrypted files in Java;https://stackoverflow.com/questions/13824811/;;;;
How to encrypt and decrypt String with my passphrase in Java (Pc not mobile platform)?;https://stackoverflow.com/questions/23561104/;;;;
Java - Encrypt String with existing public key file;https://stackoverflow.com/questions/24338108/;;;;
android cipher doesnt decrypt first 16 bytes / characters of encrypted data;https://stackoverflow.com/questions/26950251/;;;;
Simplest way to encrypt a text file in java;https://stackoverflow.com/questions/27962116/;;;;
Simple encryption in java-no key/password;https://stackoverflow.com/questions/29226813/;;;;
How to generate AES/CBC/PKCS5Padding encrypted cipher in angularJs;https://stackoverflow.com/questions/31697194/;;;;
Hash a password with SHA-512 in Java;https://stackoverflow.com/questions/33085493/;;;;
Cannot decrypt a file that I encrypted using PBEWithHmacSHA256AndAES_128;https://stackoverflow.com/questions/37231211/;;;;
;;;;;
;;;;;
;;;;;
How do I breaks a paragraph into sentences?;;;;;
;;;;;
How to remove line breaks from a file in Java?;https://stackoverflow.com/questions/2163045/;;;;
What character can be used to parse for paragraphs with Java?;https://stackoverflow.com/questions/2188265/;;;;
Split string into sentences;https://stackoverflow.com/questions/2687012/;;;;
How do I create a file and write to it in Java?;https://stackoverflow.com/questions/2885173/;;;;
How to parse text into sentences;https://stackoverflow.com/questions/4373612/;;;;
Converting a sentence string to a string array of words in Java;https://stackoverflow.com/questions/4674850/;;;;
print the first sentence of each paragraph in Java;https://stackoverflow.com/questions/6514947/;;;;
How can I split a text into sentences using the Stanford parser?;https://stackoverflow.com/questions/9492707/;;;;
Finding first sentence in a paragraph;https://stackoverflow.com/questions/10402242/;;;;
How to divide a sentence into parts Java?;https://stackoverflow.com/questions/11095096/;;;;
Split string into individual words Java;https://stackoverflow.com/questions/11726023/;;;;
Does anyone have benchmarks (code & results) comparing performance of Android apps written in Xamarin C# and Java?;https://stackoverflow.com/questions/17134522/;;;;
Split paragraph into sentences with titles and numbers;https://stackoverflow.com/questions/17159513/;;;;
Paragraph breaks using Stanford CoreNLP;https://stackoverflow.com/questions/20015715/;;;;
Java Scanner Split Strings by Sentences;https://stackoverflow.com/questions/20970627/;;;;
How to split paragraphs into sentences?;https://stackoverflow.com/questions/21430447/;;;;
How does BreakIterator work in Android?;https://stackoverflow.com/questions/42219292/;;;;
;;;;;
;;;;;
;;;;;
;;;;;
;;;;;
;;;;;
;;;;;
How do I parse a number for a locale?;;;;;
;;;;;
How do I convert a String to Double in Java using a specific locale?;https://stackoverflow.com/questions/888088/;;;;
How to parse a date?;https://stackoverflow.com/questions/999172/;;;;
How to check if a String is numeric in Java;https://stackoverflow.com/questions/1102891/;;;;
Best way to parseDouble with comma as decimal separator?;https://stackoverflow.com/questions/4323599/;;;;
Java: Float Formatting depends on Locale;https://stackoverflow.com/questions/4553633/;;;;
Java - Decimal Format.parse to return double value with specified number of decimal places;https://stackoverflow.com/questions/4738853/;;;;
How to change the decimal separator of DecimalFormat from comma to dot/point?;https://stackoverflow.com/questions/5054132/;;;;
JTable cell editor number format;https://stackoverflow.com/questions/6556651/;;;;
Date-String parsing problem (due to months from 0 to 11);https://stackoverflow.com/questions/7257221/;;;;
BigDecimal locale specific parsing - inconsistency between Wickets BigDecimalConverter and java.math.BigDecimal;https://stackoverflow.com/questions/8010288/;;;;
Java format string for precise doubles?;https://stackoverflow.com/questions/8803480/;;;;
Java Decimal Format - as much precision as given;https://stackoverflow.com/questions/9465019/;;;;
How to format double value for a given locale and number of decimal places?;https://stackoverflow.com/questions/10411414/;;;;
Currency: number of fraction digits unexpectedly zero;https://stackoverflow.com/questions/11505461/;;;;
How to parse number string containing commas into an integer in java?;https://stackoverflow.com/questions/11973383/;;;;
Best way to convert Locale specific String to BigDecimal;https://stackoverflow.com/questions/12836647/;;;;
java String.format: numbers with localization;https://stackoverflow.com/questions/13763700/;;;;
NumberFormat.parse() fails for some currency strings;https://stackoverflow.com/questions/15586099/;;;;
How to parse only valid numbers in default locale using NumberFormat;https://stackoverflow.com/questions/17091914/;;;;
How to use DateFormat and NumberFormat to output the same date, number, price and percentage for a few different Locales?;https://stackoverflow.com/questions/20659096/;;;;
Number Format (Comma Separation) as per locale;https://stackoverflow.com/questions/20883402/;;;;
Mapping Exception when indexing in Elasticsearch;https://stackoverflow.com/questions/25257119/;;;;
How to parse three numbers to a LocalDate using a Locale?;https://stackoverflow.com/questions/26161705/;;;;
LocalDate and DateTimeFormatter do not work correctly with Japanese locale;https://stackoverflow.com/questions/26169008/;;;;
Parse String to Long using a specified locale (sv) and NumberFormat;https://stackoverflow.com/questions/26255120/;;;;
How to parse date from string with year and week using java.time;https://stackoverflow.com/questions/27928720/;;;;
DateTimeFormatter month pattern letter L fails;https://stackoverflow.com/questions/30518954/;;;;
How do I parse ANY Number type from a String in Java?;https://stackoverflow.com/questions/33018208/;;;;
Java: converting string to specific locale;https://stackoverflow.com/questions/42760518/;;;;
;;;;;
;;;;;
;;;;;
;;;;;
;;;;;
;;;;;
;;;;;
How do I get JDBC driver property information?;;;;;
;;;;;
How do I unit test jdbc code in java?;https://stackoverflow.com/questions/266370/;;;;
Cant make JDBC connection to MySQL (using Java, IntelliJ, and Linux);https://stackoverflow.com/questions/2102912/;;;;
Connect Java to a MySQL database;https://stackoverflow.com/questions/2839321/;;;;
How do I read a properties file and connect a MySQL database?;https://stackoverflow.com/questions/4085420/;;;;
properties file for JDBC;https://stackoverflow.com/questions/8226057/;;;;
Netbeans 7.1 Hibernate Reverse Engineering wizard does not find database driver;https://stackoverflow.com/questions/9104115/;;;;
Java JDBC - How to connect to Oracle using tnsnames.ora;https://stackoverflow.com/questions/14194750/;;;;
Should you set up database connection properties in server.xml or context.xml;https://stackoverflow.com/questions/15064260/;;;;
How to add the JDBC mysql driver to an Eclipse project?;https://stackoverflow.com/questions/15748874/;;;;
How to use Java Property File?;https://stackoverflow.com/questions/20314938/;;;;
How to get driver class name (not driver name) from jdbc connection;https://stackoverflow.com/questions/22317215/;;;;
MySQL JDBC Driver 5.1.33 - Time Zone Issue;https://stackoverflow.com/questions/26515700/;;;;
Enable logging for JDBC;https://stackoverflow.com/questions/27060563/;;;;
How to get database configurations using data source object in java;https://stackoverflow.com/questions/28661892/;;;;
Setting JDBC Properties Using DataSource;https://stackoverflow.com/questions/31384421/;;;;
How to get table information in a database (SQLite);https://stackoverflow.com/questions/34774331/;;;;
How to get JDBC Driver class name from connection object during runtime?;https://stackoverflow.com/questions/35145671/;;;;
Sonarqube integration and startSonar.bat failed Error(0x2);https://stackoverflow.com/questions/40405323/;;;;
;;;;;
;;;;;
;;;;;
;;;;;
How do I execute stored procedure?;;;;;
;;;;;
Cant execute a MySQL stored procedure from Java;https://stackoverflow.com/questions/986628/;;;;
Getting the Return Value from JDBC MSSQL;https://stackoverflow.com/questions/1947754/;;;;
Calling stored procedure from Java / JPA;https://stackoverflow.com/questions/3572626/;;;;
How to call oracle stored procedure which include user-defined type in java?;https://stackoverflow.com/questions/3626061/;;;;
How to execute oracle java stored procedure in parallel;https://stackoverflow.com/questions/8516771/;;;;
Spring JDBC Template for calling Stored Procedures;https://stackoverflow.com/questions/9361538/;;;;
Java - MySQL Calling Stored Procedure;https://stackoverflow.com/questions/16708129/;;;;
Retrieve the returned value from sql server stored procedure using java;https://stackoverflow.com/questions/20268187/;;;;
Running a stored procedure from Java using Statement Execute?;https://stackoverflow.com/questions/21282027/;;;;
How to call PostgreSQL stored procedures with JDBC;https://stackoverflow.com/questions/26110185/;;;;
Calling Sqlserver stored procedure from JDBC,Java;https://stackoverflow.com/questions/29701914/;;;;
Executing Firebird stored procedure using JOOQ;https://stackoverflow.com/questions/30285372/;;;;
Execute a stored procedure in connected Oracle Database on Java;https://stackoverflow.com/questions/30339849/;;;;
How to call a stored procedure in JDBC;https://stackoverflow.com/questions/33061280/;;;;
How to execute a procedure with JDBC;https://stackoverflow.com/questions/41997729/;;;;
;;;;;
;;;;;
;;;;;
How do I get list of files from FTP server?;;;;;
;;;;;
How to read all files in a folder from Java?;https://stackoverflow.com/questions/1844688/;;;;
Apache Commons FTPClient.listFiles;https://stackoverflow.com/questions/2339855/;;;;
get latest file from ftp;https://stackoverflow.com/questions/3824983/;;;;
How do you upload a file to an FTP server?;https://stackoverflow.com/questions/6527664/;;;;
534 Policy requires SSL when connecting to an FTPS server with commons-net;https://stackoverflow.com/questions/9416106/;;;;
Java. regex for parsing FTP server list;https://stackoverflow.com/questions/11602982/;;;;
URLConnection FTP list files;https://stackoverflow.com/questions/14200106/;;;;
Java: Accessing a File from an FTP Server;https://stackoverflow.com/questions/14467107/;;;;
FTPClient.listFiles not working;https://stackoverflow.com/questions/15790074/;;;;
FTP multiple files using apache commons into a local directory;https://stackoverflow.com/questions/16911772/;;;;
FTP Client keeps getting denied permission to upload by Server;https://stackoverflow.com/questions/23229660/;;;;
How to get list of files from an SFTP server?;https://stackoverflow.com/questions/32878209/;;;;
Make FTP server return files listed by timestamp with Apache FTPClient;https://stackoverflow.com/questions/36032064/;;;;
org.apache.commons.net.ftp.FTPSClient returning 425 after list command;https://stackoverflow.com/questions/40780458/;;;;
;;;;;
;;;;;
;;;;;
How do I upload file to FTP server?;;;;;
;;;;;
FTP file upload failure Java;https://stackoverflow.com/questions/6058487/;;;;
How do you upload a file to an FTP server?;https://stackoverflow.com/questions/6527664/;;;;
how to delete file from ftp server using java?;https://stackoverflow.com/questions/6790783/;;;;
Error on uploading file in java to ftp server;https://stackoverflow.com/questions/10282284/;;;;
"how to upload file to =HYPERLINK(""http remote server using java?"")";https://stackoverflow.com/questions/10719124/;;;;
How to copy a file on the ftp server to a directory on the same server in java?;https://stackoverflow.com/questions/11202215/;;;;
upload file/directory with ftp;https://stackoverflow.com/questions/11554939/;;;;
File is copied on the FTP server not moved in java;https://stackoverflow.com/questions/11573921/;;;;
Uploading a file to a FTP server from android phone?;https://stackoverflow.com/questions/11600988/;;;;
Java: Accessing a File from an FTP Server;https://stackoverflow.com/questions/14467107/;;;;
Java: Upload file from URL directly to FTP server with a library;https://stackoverflow.com/questions/15139948/;;;;
Upload file FTP server;https://stackoverflow.com/questions/16517191/;;;;
Uploading to FTP using Java;https://stackoverflow.com/questions/17454529/;;;;
File is not uploading on Ftp server in java?;https://stackoverflow.com/questions/22197069/;;;;
In android, Error during upload file at FTP server;https://stackoverflow.com/questions/22892078/;;;;
How can i upload a file into a ftp server?;https://stackoverflow.com/questions/25460289/;;;;
Java Spring uploading file to FTP server;https://stackoverflow.com/questions/39567329/;;;;
;;;;;
;;;;;
;;;;;
How do I create an Excel document using Apache POI?;;;;;
;;;;;
Using Excel templates with Apache POI;https://stackoverflow.com/questions/714172/;;;;
Create Excel file in Java;https://stackoverflow.com/questions/1176080/;;;;
How to read and write excel file;https://stackoverflow.com/questions/1516144/;;;;
Apache POI. Copying sheets;https://stackoverflow.com/questions/5889639/;;;;
determine version of microsoft office with java;https://stackoverflow.com/questions/6193992/;;;;
Apache POI: change page format for Excel worksheet;https://stackoverflow.com/questions/6743615/;;;;
Writing a large resultset to an Excel file using POI;https://stackoverflow.com/questions/7274076/;;;;
Export to Excel JSF and PrimeFaces;https://stackoverflow.com/questions/7822758/;;;;
Create a password protected excel file using apache poi?;https://stackoverflow.com/questions/8817290/;;;;
Creating New Sheet In Existing Excel Workbook Using Apache POI for Java;https://stackoverflow.com/questions/12436243/;;;;
How to add new sheets to existing excel workbook using apache POI?;https://stackoverflow.com/questions/12459181/;;;;
How to write data to an existing excel using apache poi;https://stackoverflow.com/questions/15471565/;;;;
Reading and writing from xls and xlsx excel file in java using Apache POI;https://stackoverflow.com/questions/15998570/;;;;
Add MS Office Documents to PDF via Apache PDFBox;https://stackoverflow.com/questions/16605211/;;;;
Java POI Excel creating new column and new rows;https://stackoverflow.com/questions/18213657/;;;;
How to create new excel document in java;https://stackoverflow.com/questions/19700354/;;;;
Read excel file from string using Apache POI;https://stackoverflow.com/questions/19911690/;;;;
Apache POI add a Series name into LineChart;https://stackoverflow.com/questions/21855842/;;;;
Save Excel document Apache POI;https://stackoverflow.com/questions/23386091/;;;;
Updating existing Excel file in Java Apache POI;https://stackoverflow.com/questions/31685244/;;;;
How to add header column in excel using Java Apache POI?;https://stackoverflow.com/questions/33735173/;;;;
Create Bar Chart in Excel with Apache POI;https://stackoverflow.com/questions/38913412/;;;;
Apache POI: Sort rows by date;https://stackoverflow.com/questions/40041522/;;;;
Embed files into XSSF sheets in Excel, using Apache POI;https://stackoverflow.com/questions/40382369/;;;;
creating Pivot table in excel sheet using java;https://stackoverflow.com/questions/42255424/;;;;
Apache POI: content in excel file gets corrupted;https://stackoverflow.com/questions/48024118/;;;;
;;;;;
;;;;;
;;;;;
;;;;;
Take a screenshot and save as image in Java;;;;;
;;;;;
Is there a way to take a screenshot using Java and save it to some sort of image?;https://stackoverflow.com/questions/58305/;;;;
How to capture selected screen of other application using java?;https://stackoverflow.com/questions/464593/;;;;
Java Robot createScreenCapture performance;https://stackoverflow.com/questions/646089/;;;;
Take a screenshot of a web page in Java;https://stackoverflow.com/questions/1504034/;;;;
How to take a screenshot in Java?;https://stackoverflow.com/questions/4490454/;;;;
Swing: Obtain Image of JFrame;https://stackoverflow.com/questions/5853879/;;;;
Take Screenshot of Android screen and save to SD card;https://stackoverflow.com/questions/5929403/;;;;
Recording Screen Java Disk Speed;https://stackoverflow.com/questions/11353180/;;;;
Capture Screen shot on Android using Java code;https://stackoverflow.com/questions/11430418/;;;;
How do I solve problems in my screenshot-taking application?;https://stackoverflow.com/questions/12375399/;;;;
taking screenshot in libgdx;https://stackoverflow.com/questions/12625052/;;;;
using ScreenUtils to save screenshot as image in libgdx;https://stackoverflow.com/questions/12644733/;;;;
Saving an image to .jpg file : Java;https://stackoverflow.com/questions/15095934/;;;;
how to save a screenshot (matlab);https://stackoverflow.com/questions/18186400/;;;;
Animating multiple images using Java;https://stackoverflow.com/questions/19634293/;;;;
Sending compressed JPG image over socket;https://stackoverflow.com/questions/29369831/;;;;
Android: Taking screenshot of a View, Saving the image and retrieving it;https://stackoverflow.com/questions/36223942/;;;;
;;;;;
;;;;;
;;;;;
;;;;;
;;;;;
Redirect Servlet Call to Another URL;;;;;
;;;;;
How to use a servlet filter in Java to change an incoming servlet request url?;https://stackoverflow.com/questions/2725102/;;;;
how to redirect url to jsp in web.xml;https://stackoverflow.com/questions/3414733/;;;;
How to make a redirection in JSF;https://stackoverflow.com/questions/4032825/;;;;
Calling a Servlet from a Java application;https://stackoverflow.com/questions/4349854/;;;;
How to redirect in a servlet filter?;https://stackoverflow.com/questions/5308801/;;;;
Sending redirect to another servlet/JSP without loosing the request parameters.;https://stackoverflow.com/questions/5539176/;;;;
redirect to a different url;https://stackoverflow.com/questions/8557490/;;;;
How to call a URL with params and get back response in servlet?;https://stackoverflow.com/questions/10410704/;;;;
Does RequestDispatcher work over multiple webapps in one servlet container?;https://stackoverflow.com/questions/13435678/;;;;
How to forward the requestdispatcher to a remote URL;https://stackoverflow.com/questions/14459574/;;;;
Pass Hidden parameters using response.sendRedirect();https://stackoverflow.com/questions/17001185/;;;;
Redirect to an external URL from controller action in Spring MVC;https://stackoverflow.com/questions/17955777/;;;;
"How can I send =HYPERLINK(""http request to another servlet"")";https://stackoverflow.com/questions/18148932/;;;;
Access GWT POST parameters via servlet?;https://stackoverflow.com/questions/18472199/;;;;
Redirect from one servlet to another from the servler doGet() method using <a href=>;https://stackoverflow.com/questions/19079114/;;;;
How can i call from one servlet file to another servlet file?;https://stackoverflow.com/questions/20947806/;;;;
;;;;;
;;;;;
;;;;;
Get Request Parameters in a Servlet;;;;;
;;;;;
Accessing post variables using Java Servlets;https://stackoverflow.com/questions/5222/;;;;
"How to set a parameter in a =HYPERLINK(""HttpServletRequest?"")";https://stackoverflow.com/questions/892537/;;;;
Modify request parameter with servlet filter;https://stackoverflow.com/questions/1413129/;;;;
How to get the request string including parameters;https://stackoverflow.com/questions/1578998/;;;;
"Get the =HYPERLINK(""HttpServletRequest (request) object from Java code"")";https://stackoverflow.com/questions/1849089/;;;;
doGet and doPost in Servlets;https://stackoverflow.com/questions/2349633/;;;;
How can I get the value of the request parameters j_username and j_password?;https://stackoverflow.com/questions/2551807/;;;;
Java Servlet getParameter for a param that is a URL;https://stackoverflow.com/questions/3756300/;;;;
HttpServletRequest get JSON POST data;https://stackoverflow.com/questions/3831680/;;;;
How can I get the request URL from a Java Filter?;https://stackoverflow.com/questions/4389596/;;;;
Difference between getAttribute() and getParameter();https://stackoverflow.com/questions/5243754/;;;;
java-servlet request.getParameterValues();https://stackoverflow.com/questions/5618556/;;;;
HttpServletRequest - Get query string parameters, no form data;https://stackoverflow.com/questions/6847192/;;;;
Servlet. How to get parameters if their keys are not unique?;https://stackoverflow.com/questions/9264382/;;;;
Http Servlet request lose params from POST body after read it once;https://stackoverflow.com/questions/10210645/;;;;
servlet request parameter character encoding;https://stackoverflow.com/questions/11100107/;;;;
Getting request payload from POST request in Java servlet;https://stackoverflow.com/questions/14525982/;;;;
"Get full URL and query string in Servlet for both =HYPERLINK(""HTTP and HTTPS requests"")";https://stackoverflow.com/questions/16675191/;;;;
"Wrapping request parameters using =HYPERLINK(""HTTPServletRequestWrapper"")";https://stackoverflow.com/questions/16848180/;;;;
How to request.getParameterNames into List of strings?;https://stackoverflow.com/questions/17281446/;;;;
java servlet: request parameter contains plus;https://stackoverflow.com/questions/19302375/;;;;
Java Ajax request parameters have null value;https://stackoverflow.com/questions/29545029/;;;;
How to get parameters in servlet from ajax request?;https://stackoverflow.com/questions/30624561/;;;;
"How to get query parameters from =HYPERLINK(""HttpServletRequest (Tomcat 9.0)?"")";https://stackoverflow.com/questions/39509892/;;;;
Servlet get GET and POSTs parameters at the doPost method;https://stackoverflow.com/questions/41413144/;;;;
;;;;;
;;;;;
;;;;;
;;;;;
;;;;;
;;;;;
building lucene search query;;;;;
;;;;;
Parsing search queries in Java;https://stackoverflow.com/questions/13863/;;;;
How to do query auto-completion/suggestions in Lucene?;https://stackoverflow.com/questions/120180/;;;;
How to create nested boolean query with lucene API (a AND (b OR c))?;https://stackoverflow.com/questions/3130908/;;;;
How do I index and search text files in Lucene 3.0.2?;https://stackoverflow.com/questions/4091441/;;;;
How do I make the QueryParser in Lucene handle numeric ranges?;https://stackoverflow.com/questions/5026185/;;;;
How to search across multiple fields in Lucene using Query Syntax?;https://stackoverflow.com/questions/8299756/;;;;
Lucene: Multi-word phrases as search terms;https://stackoverflow.com/questions/9066347/;;;;
Combine queries in Lucene with BooleanQuery;https://stackoverflow.com/questions/11559798/;;;;
Create and read tree data structure from json string dynamically;https://stackoverflow.com/questions/11733759/;;;;
And operator in Hibernate (lucene) search;https://stackoverflow.com/questions/11863122/;;;;
Searching for UUID in lucene not working;https://stackoverflow.com/questions/12753642/;;;;
Scrub Lucene search terms with the Standard Analyzer;https://stackoverflow.com/questions/14464638/;;;;
How do you index and searchnumbers in Lucene 4.1;https://stackoverflow.com/questions/15068257/;;;;
How do you read the index in Lucene to do a search?;https://stackoverflow.com/questions/16847857/;;;;
How to have ngram tokenizer in lucene 4.0?;https://stackoverflow.com/questions/17407489/;;;;
Boolean queries in Hibernate Search;https://stackoverflow.com/questions/25488260/;;;;
Java Lucene 4.5 how to search by case insensitive;https://stackoverflow.com/questions/30881355/;;;;
How to use a BooleanQuery builder in Lucene 5.3.x?;https://stackoverflow.com/questions/33439826/;;;;
Lucene 6.0! How to instantiate a BooleanQuery and add other search queries in it?;https://stackoverflow.com/questions/37904977/;;;;
Lucene 6 - How to influence ranking with numeric value?;https://stackoverflow.com/questions/43477166/;;;;
;;;;;
;;;;;
;;;;;
;;;;;
;;;;;
read JSON data to JSON Object Model;;;;;
;;;;;
Convert a JSON string to object in Java ME?;https://stackoverflow.com/questions/1395551/;;;;
Converting JSON data to Java object;https://stackoverflow.com/questions/1688099/;;;;
How to parse JSON in Java;https://stackoverflow.com/questions/2591098/;;;;
Parsing json into java objects in spring-mvc;https://stackoverflow.com/questions/3921736/;;;;
Parsing JSON Object in Java;https://stackoverflow.com/questions/5015844/;;;;
Convert object to JSON in Android;https://stackoverflow.com/questions/5571092/;;;;
Converting json string to java object?;https://stackoverflow.com/questions/6079505/;;;;
support both xml and json REST response in clojure;https://stackoverflow.com/questions/9959511/;;;;
How to read json file into java with simple JSON library;https://stackoverflow.com/questions/10926353/;;;;
Creating JSON objects directly from model classes in Java;https://stackoverflow.com/questions/10930624/;;;;
"HandlerInterceptorAdapter doesnt seem to forward =HYPERLINK(""HttpServletRequestWrapper"")";https://stackoverflow.com/questions/11890516/;;;;
"Get a JSON object from a =HYPERLINK(""HTTP response"")";https://stackoverflow.com/questions/18073849/;;;;
How to read json sent by ajax in servlet;https://stackoverflow.com/questions/19568142/;;;;
Parsing JSON in Java without knowing JSON format;https://stackoverflow.com/questions/19760138/;;;;
Parsing JSON using GSON in java and populating a list view;https://stackoverflow.com/questions/26416332/;;;;
How to use JSR-353: Java API for JSON Processing, without Method Chaining;https://stackoverflow.com/questions/26833439/;;;;
Android getter and setter, database sqlite(helper class);https://stackoverflow.com/questions/29694341/;;;;
How to read JSON data from URL into XPage Java Bean;https://stackoverflow.com/questions/33003617/;;;;
Parsing JSON data into model objects in Java;https://stackoverflow.com/questions/36291420/;;;;
JSONObject parse dictionary objects;https://stackoverflow.com/questions/36872281/;;;;
How to parse JSON in Kotlin?;https://stackoverflow.com/questions/41928803/;;;;
How to convert JSON string into List of Java object?;https://stackoverflow.com/questions/44589381/;;;;
;;;;;
;;;;;
;;;;;
how to serialize JSON Object;;;;;
;;;;;
How to serialize an object into a string;https://stackoverflow.com/questions/134492/;;;;
Convert a JSON string to object in Java ME?;https://stackoverflow.com/questions/1395551/;;;;
Java Serializable Object to Byte Array;https://stackoverflow.com/questions/2836646/;;;;
How to serialize and de-serialize objects using JAXB?;https://stackoverflow.com/questions/5189690/;;;;
Convert object to JSON in Android;https://stackoverflow.com/questions/5571092/;;;;
JSONObject Not Serializable?;https://stackoverflow.com/questions/5918220/;;;;
serialize json object which extends map;https://stackoverflow.com/questions/6280688/;;;;
How to serialize and deserialize a JSON object from Google geocode using Java;https://stackoverflow.com/questions/7265833/;;;;
How to serialize a JsonObject without too much quotes?;https://stackoverflow.com/questions/8876271/;;;;
How to convert the following json string to java object?;https://stackoverflow.com/questions/10308452/;;;;
How to serialize object to JSON string using classes from org.json package?;https://stackoverflow.com/questions/10674171/;;;;
Serialize java object with GSON;https://stackoverflow.com/questions/11038553/;;;;
How to convert hashmap to JSON object in Java;https://stackoverflow.com/questions/12155800/;;;;
Java Gson serialize json into an object;https://stackoverflow.com/questions/12848146/;;;;
How to serialize Object to JSON?;https://stackoverflow.com/questions/16607444/;;;;
How to serialize OBJECT ARRAY in java?;https://stackoverflow.com/questions/17967533/;;;;
Serialize JSON field as JSON;https://stackoverflow.com/questions/20527271/;;;;
"How to serialize complex Json object to QueryString for =HYPERLINK(""HTTP Get using Jackson?"")";https://stackoverflow.com/questions/21492529/;;;;
Serialize the whole class as a String field instead of a JSON Object;https://stackoverflow.com/questions/26578239/;;;;
REST: how to serialize a java object to JSON in a shallow way?;https://stackoverflow.com/questions/38622720/;;;;
Serialize nested object json jackson;https://stackoverflow.com/questions/38720246/;;;;
Java JSON serialization and JSONObject;https://stackoverflow.com/questions/38746438/;;;;
How to serialize a List content to a flat JSON object with Jackson?;https://stackoverflow.com/questions/45698499/;;;;
How to serialize/deserialize partial JSON object using GSON?;https://stackoverflow.com/questions/46151061/;;;;
;;;;;
;;;;;
;;;;;
execute the test cases using Test runner;;;;;
;;;;;
Running the same JUnit test case multiple time with different data;https://stackoverflow.com/questions/752521/;;;;
Easy way of running the same junit test over and over?;https://stackoverflow.com/questions/1492856/;;;;
Run a single test method with maven;https://stackoverflow.com/questions/1873995/;;;;
Run all tests in Junit 4;https://stackoverflow.com/questions/2255046/;;;;
How do I run JUnit tests from inside my java application?;https://stackoverflow.com/questions/2543912/;;;;
How to run test methods in specific order in JUnit4?;https://stackoverflow.com/questions/3693626/;;;;
NoClassDefFoundError when using Powermock;https://stackoverflow.com/questions/5292440/;;;;
Maven does not find JUnit tests to run;https://stackoverflow.com/questions/6178583/;;;;
Running Junit through Ant does not seem to use custom class runner;https://stackoverflow.com/questions/7796295/;;;;
How to write a Unit Test?;https://stackoverflow.com/questions/8751553/;;;;
Run single test from a JUnit class using command-line;https://stackoverflow.com/questions/9288107/;;;;
Class Not Found Exception when running JUnit test;https://stackoverflow.com/questions/11381068/;;;;
How to print current executing junit test method while running all tests in a class or suite using ANT?;https://stackoverflow.com/questions/15222376/;;;;
Running JUnit4 Test classes in specified order;https://stackoverflow.com/questions/19177195/;;;;
How to run soapUI tests from Java;https://stackoverflow.com/questions/22908086/;;;;
How to run entire JUnit Test Suite from within code;https://stackoverflow.com/questions/24943839/;;;;
How can I stop maven from running TEST twice?;https://stackoverflow.com/questions/38989221/;;;;
How to invoke the Cucumber runner class from a different main method;https://stackoverflow.com/questions/43518103/;;;;
Eclipse Plug-in Test execution for JUnit4;https://stackoverflow.com/questions/43788559/;;;;
;;;;;
;;;;;
;;;;;
Java Compare file content;;;;;
;;;;;
Getting A Files Mime Type In Java;https://stackoverflow.com/questions/51438/;;;;
How do I create a Java string from the contents of a file?;https://stackoverflow.com/questions/326390/;;;;
Comparing text files with Junit;https://stackoverflow.com/questions/466841/;;;;
How to compare the contents of two text files and return Same Content or Different Content?;https://stackoverflow.com/questions/1510520/;;;;
How can I compare files in a JUnit test case?;https://stackoverflow.com/questions/3715743/;;;;
XMLUnit - Xml file indentation impacts on comparison;https://stackoverflow.com/questions/5248517/;;;;
Java file equals;https://stackoverflow.com/questions/8930859/;;;;
Comparing two xml files using JAVA;https://stackoverflow.com/questions/10311563/;;;;
Comparing two csv files in Java;https://stackoverflow.com/questions/10864654/;;;;
String comparison of text files;https://stackoverflow.com/questions/10909837/;;;;
read complete file without using loop in java;https://stackoverflow.com/questions/14169661/;;;;
Test two directory trees for equality;https://stackoverflow.com/questions/14522239/;;;;
Compare two text files string by string in java;https://stackoverflow.com/questions/16772589/;;;;
How to compare the content of two text files and output in another text file? text1 - text2;https://stackoverflow.com/questions/25915934/;;;;
Determine if two files store the same content;https://stackoverflow.com/questions/27379059/;;;;
Fatal Error :1:1: Content is not allowed in prolog. org.xml.sax.SAXParseException;https://stackoverflow.com/questions/47358087/;;;;
;;;;;
;;;;;
;;;;;
;;;;;
;;;;;
How to Sort a Map by values;;;;;
;;;;;
Sort a Map<Key, Value> by values;https://stackoverflow.com/questions/109383/;;;;
How to sort a HashMap in Java;https://stackoverflow.com/questions/780541/;;;;
How to sort Map values by key in Java?;https://stackoverflow.com/questions/922528/;;;;
How to sort a treemap based on its values?;https://stackoverflow.com/questions/1448369/;;;;
TreeMap sort by value;https://stackoverflow.com/questions/2864840/;;;;
How to sort Map in Java;https://stackoverflow.com/questions/2903493/;;;;
Sorting HashMap objects on their properties rather values;https://stackoverflow.com/questions/6259677/;;;;
Sort a map on key and value;https://stackoverflow.com/questions/6546782/;;;;
Sorting HashMap by values;https://stackoverflow.com/questions/8119366/;;;;
How to sort a Map by Value (ArrayList) size in Java?;https://stackoverflow.com/questions/9008861/;;;;
Sort the Objects value inside the Hashmap<String, Object>;https://stackoverflow.com/questions/10214104/;;;;
Sorting the Map<Key,Value> in descending order based on the value;https://stackoverflow.com/questions/11647889/;;;;
Sorting LinkedHashMap;https://stackoverflow.com/questions/12184378/;;;;
Java Map Value Comparator, sort while inserting;https://stackoverflow.com/questions/13108887/;;;;
Best way to sort Map with Values;https://stackoverflow.com/questions/13674871/;;;;
Java Map sort by value;https://stackoverflow.com/questions/13852725/;;;;
Sorting Map by value;https://stackoverflow.com/questions/13910056/;;;;
Sorting Descending order: Java Map;https://stackoverflow.com/questions/18923167/;;;;
How to sort a hashmap by the Integer Value;https://stackoverflow.com/questions/21054415/;;;;
Sort map by value using lambdas and streams;https://stackoverflow.com/questions/29567575/;;;;
Sorting the Map in descending order of values;https://stackoverflow.com/questions/29739000/;;;;
How to sort a LinkedHashMap by value in decreasing order in java stream?;https://stackoverflow.com/questions/29860667/;;;;
Java 8 - Sort Map by value and collect results;https://stackoverflow.com/questions/32958965/;;;;
Java - How to sort a map values according to their first letter?;https://stackoverflow.com/questions/34963946/;;;;
Please how do I sort map elements based on values in ascending order in java?;https://stackoverflow.com/questions/42252481/;;;;
;;;;;
;;;;;
;;;;;
;;;;;
;;;;;
How to Capture image from webcam in java;;;;;
;;;;;
What is the best method to capture images from a live video device for use by a Java-based application?;https://stackoverflow.com/questions/115835/;;;;
Capturing image from webcam in java?;https://stackoverflow.com/questions/276292/;;;;
How to capture video from webcam(in java)?;https://stackoverflow.com/questions/2004405/;;;;
java capture webcam image;https://stackoverflow.com/questions/6298336/;;;;
Capture high-resolution image snapshots from webcam, in Java;https://stackoverflow.com/questions/6641495/;;;;
How to connect to webcam in Java?;https://stackoverflow.com/questions/10696580/;;;;
Capturing a single image from my webcam in Java or Python;https://stackoverflow.com/questions/11094481/;;;;
Best way to access web camera in Java;https://stackoverflow.com/questions/11487251/;;;;
How to capture and record video from webcam using JavaCV;https://stackoverflow.com/questions/14070370/;;;;
Run Bash from Java Program to Capture Webcam Image on Raspberry Pi;https://stackoverflow.com/questions/16115244/;;;;
java capturing webcam images macbook;https://stackoverflow.com/questions/21186550/;;;;
Webcam stream in opencv using Java;https://stackoverflow.com/questions/25641324/;;;;
Capture video using webcam in Java;https://stackoverflow.com/questions/38203029/;;;;
;;;;;
;;;;;
;;;;;
;;;;;
How to Load an image and write text to it;;;;;
;;;;;
How can I edit a jpg image through Java?;https://stackoverflow.com/questions/1009607/;;;;
Using Graphics2D to overlay text on a BufferedImage and return a BufferedImage;https://stackoverflow.com/questions/2658554/;;;;
Write text onto image in Java;https://stackoverflow.com/questions/2736320/;;;;
How do I create a file and write to it in Java?;https://stackoverflow.com/questions/2885173/;;;;
Reading a plain text file in Java;https://stackoverflow.com/questions/4716503/;;;;
Java Text on Image;https://stackoverflow.com/questions/5995798/;;;;
OpenCV how can i detect webcam and compare the local file to match face;https://stackoverflow.com/questions/6080267/;;;;
How to read a text file into jtextarea in Java Swing;https://stackoverflow.com/questions/6356086/;;;;
How can I load an image and write text to it using Java?;https://stackoverflow.com/questions/6540376/;;;;
Java- Write Text onto Image, then Write to Output File;https://stackoverflow.com/questions/7745343/;;;;
Output an image file from a servlet;https://stackoverflow.com/questions/8623709/;;;;
How to add text to an image in java?;https://stackoverflow.com/questions/10929524/;;;;
How to write text on an image in Java (Android);https://stackoverflow.com/questions/11318205/;;;;
Displaying Image in Java;https://stackoverflow.com/questions/14353302/;;;;
Create image from scratch with JMagick;https://stackoverflow.com/questions/14799617/;;;;
How to Write text file Java;https://stackoverflow.com/questions/15754523/;;;;
Convert text content to Image;https://stackoverflow.com/questions/18800717/;;;;
Load image from a filepath via BufferedImage;https://stackoverflow.com/questions/19447104/;;;;
How to create a button in Libgdx?;https://stackoverflow.com/questions/21488311/;;;;
LWJGL: Discolored Textures;https://stackoverflow.com/questions/21565778/;;;;
